{
  "algorithm": "ga",
  "dataset": "mnist",
  "config": {
    "runs": 1,
    "max_evaluations": 1,
    "max_epochs": 3,
    "early_stopping": 10
  },
  "runs": [
    {
      "run": 1,
      "best_fitness": 95.89166666666667,
      "best_hyperparameters": {
        "learning_rate": 0.0004237597243577617,
        "batch_size": 512,
        "dropout_rate": 0.49299186930736993,
        "hidden_units": 512,
        "optimizer": "rmsprop",
        "weight_decay": 0.005523713334752639
      },
      "evaluation_history": [
        {
          "evaluation": 1,
          "hyperparameters": {
            "learning_rate": 0.0004237597243577617,
            "batch_size": 512,
            "dropout_rate": 0.49299186930736993,
            "hidden_units": 512,
            "optimizer": "rmsprop",
            "weight_decay": 0.005523713334752639
          },
          "fitness": 95.89166666666667,
          "timestamp": 0
        }
      ],
      "total_evaluations": 1,
      "time_seconds": 65.00000834465027
    }
  ],
  "timestamp": "2025-10-26T21:45:42.752662"
}