{
  "algorithm": "pso",
  "dataset": "mnist",
  "config": {
    "runs": 1,
    "max_evaluations": 1,
    "max_epochs": 3,
    "early_stopping": 10
  },
  "runs": [
    {
      "run": 1,
      "best_fitness": 96.70833333333333,
      "best_hyperparameters": {
        "learning_rate": 0.006204735733420971,
        "batch_size": 64,
        "dropout_rate": 0.05605048409902354,
        "hidden_units": 128,
        "optimizer": "sgd",
        "weight_decay": 0.004419750657591681
      },
      "evaluation_history": [
        {
          "evaluation": 1,
          "hyperparameters": {
            "learning_rate": 0.006204735733420971,
            "batch_size": 64,
            "dropout_rate": 0.05605048409902354,
            "hidden_units": 128,
            "optimizer": "sgd",
            "weight_decay": 0.004419750657591681
          },
          "fitness": 96.70833333333333,
          "timestamp": 0
        }
      ],
      "total_evaluations": 1,
      "time_seconds": 118.87484002113342
    }
  ],
  "timestamp": "2025-10-26T21:46:53.014337"
}